"Name","Category","DefaultSize","BasePrice","Sizes","Image","Source","CheckedDate"
"Specialty Coffee Đá","Americano","M","69000","M:69000","Images/specialty-coffee-da.png","https://order.thecoffeehouse.com/order","2026-10-08"
"Specialty Coffee Nóng","Americano","M","69000","M:69000","Images/specialty-coffee-nong.png","https://order.thecoffeehouse.com/order","2026-10-08"
"Americano Classic","Americano","M","49000","S:49000 / M:55000 / L:65000","Images/americano-classic.png","https://order.thecoffeehouse.com/order","2026-10-08"
"Americano Nóng","Americano","M","55000","M:55000.0","Images/americano-nong.png","https://order.thecoffeehouse.com/order","2026-10-08"
"Americano Yuzu","Americano","M","59000","S:59000 / M:65000 / L:75000","Images/americano-yuzu.png","https://order.thecoffeehouse.com/order","2026-10-08"
"Espresso Đá","Espresso","M","55000","M:55000.0","Images/espresso-da.png","https://order.thecoffeehouse.com/order","2026-10-08"
"Espresso Nóng","Espresso","M","55000","M:55000.0","Images/espresso-nong.png","https://order.thecoffeehouse.com/order","2026-10-08"
"Cappuccino Đá","Espresso","M","59000","S:59000 / M:65000 / L:69000","Images/cappuccino-da.png","https://order.thecoffeehouse.com/order","2026-10-08"
"Cappuccino Nóng","Espresso","M","65000","M:65000","Images/cappuccino-nong.png","https://order.thecoffeehouse.com/order","2026-10-08"
"Caramel Macchiato Đá","Espresso","M","69000","S:69000 / M:75000 / L:79000","Images/caramel-macchiato-da.png","https://order.thecoffeehouse.com/order","2026-10-08"
"Caramel Macchiato Nóng","Espresso","M","75000","M:75000","Images/caramel-macchiato-nong.png","https://order.thecoffeehouse.com/order","2026-10-08"
"Latte Bạc Xỉu","Latte","M","49000","S:49000.0 / M:59000.0 / L:65000.0","Images/latte-bac-xiu.png","https://order.thecoffeehouse.com/order","2026-10-08"
"Latte Classic","Latte","M","59000","S:59000 / M:65000 / L:69000","Images/latte-classic.png","https://order.thecoffeehouse.com/order","2026-10-08"
"Latte Nóng","Latte","M","65000","M:65000.0","Images/latte-nong.png","https://order.thecoffeehouse.com/order","2026-10-08"
"Latte Hạnh Nhân Oatside","Latte","M","59000","S:59000.0 / M:69000.0 / L:75000.0","Images/latte-hanh-nhan-oatside.png","https://order.thecoffeehouse.com/order","2026-10-08"
"Latte Tiramisu","Latte","M","59000","S:59000.0 / M:69000.0 / L:75000.0","Images/latte-tiramisu.png","https://order.thecoffeehouse.com/order","2026-10-08"
"Latte Caramel Cold Foam","Latte","M","59000","S:59000.0 / M:69000.0 / L:75000.0","Images/latte-caramel-cold-foam.png","https://order.thecoffeehouse.com/order","2026-10-08"
"Latte Hazelnut","Latte","S","59000","S:59000.0 / M:65000.0 / L:69000.0","Images/latte-hazelnut.png","https://order.thecoffeehouse.com/order","2026-10-08"
"Cà Phê Sữa Đá","Cà Phê Phin","M","39000","M:39000.0 / L:45000.0","Images/ca-phe-sua-da.png","https://order.thecoffeehouse.com/order","2026-10-08"
"Cà Phê Sữa Nóng","Cà Phê Phin","M","39000","M:39000.0","Images/ca-phe-sua-nong.png","https://order.thecoffeehouse.com/order","2026-10-08"
"Bạc Xỉu","Cà Phê Phin","M","39000","M:39000.0 / L:45000.0","Images/bac-xiu.png","https://order.thecoffeehouse.com/order","2026-10-08"
"Bạc Xỉu Nóng","Cà Phê Phin","M","39000","M:39000.0","Images/bac-xiu-nong.png","https://order.thecoffeehouse.com/order","2026-10-08"
"Bạc Xỉu Caramel Muối","Cà Phê Phin","M","49000","M:49000.0 / L:55000.0","Images/bac-xiu-caramel-muoi.png","https://order.thecoffeehouse.com/order","2026-10-08"
"Bạc Xỉu Foam Dừa","Cà Phê Phin","M","49000","M:49000.0 / L:55000.0","Images/bac-xiu-foam-dua.png","https://order.thecoffeehouse.com/order","2026-10-08"
"Cà Phê Đen Đá","Cà Phê Phin","M","39000","M:39000.0 / L:45000.0","Images/ca-phe-den-da.png","https://order.thecoffeehouse.com/order","2026-10-08"
"Cà Phê Đen Nóng","Cà Phê Phin","M","39000","M:39000.0","Images/ca-phe-den-nong.png","https://order.thecoffeehouse.com/order","2026-10-08"
"Cold Brew Kim Quất","Cold Brew","M","59000","S:59000.0 / M:65000.0","Images/cold-brew-kim-quat.png","https://order.thecoffeehouse.com/order","2026-10-08"
"Cold Brew Truyền Thống","Cold Brew","M","49000","S:49000 / M:55000","Images/cold-brew-truyen-thong.png","https://order.thecoffeehouse.com/order","2026-10-08"
"Matcha Latte Tây Bắc","Matcha","M","49000","S:49000 / M:55000 / L:59000","Images/matcha-latte-tay-bac.png","https://order.thecoffeehouse.com/order","2026-10-08"
"Matcha Latte Tây Bắc (Nóng)","Matcha","M","55000","M:55000","Images/matcha-latte-tay-bac-nong.png","https://order.thecoffeehouse.com/order","2026-10-08"
"Matcha Latte Kyoto","Matcha","M","59000","S:59000 / M:65000 / L:69000","Images/matcha-latte-kyoto.png","https://order.thecoffeehouse.com/order","2026-10-08"
"Matcha Latte Kyoto Nóng","Matcha","M","65000","M:65000","Images/matcha-latte-kyoto-nong.png","https://order.thecoffeehouse.com/order","2026-10-08"
"Coco Matcha Foam","Matcha","M","59000","S:59000 / M:65000 / L:69000","Images/coco-matcha-foam.png","https://order.thecoffeehouse.com/order","2026-10-08"
"Matcha Latte Tây Bắc Mochi","Matcha","M","59000","S:59000.0 / M:65000.0 / L:69000.0","Images/matcha-latte-tay-bac-mochi.png","https://order.thecoffeehouse.com/order","2026-10-08"
"Matcha Latte Tây Bắc Trân Châu Hoàng Kim","Matcha","M","59000","S:59000 / M:65000 / L:69000","Images/matcha-latte-tay-bac-tran-chau-hoang-kim.png","https://order.thecoffeehouse.com/order","2026-10-08"
"Matcha Latte Tây Bắc Hạnh Nhân Nướng","Matcha","M","55000","S:55000.0 / M:65000.0 / L:69000.0","Images/matcha-latte-tay-bac-hanh-nhan-nuong.png","https://order.thecoffeehouse.com/order","2026-10-08"
"1 Lít Matcha Latte Tây Bắc","Matcha","M","95000","M:95000.0","Images/1-lit-matcha-latte-tay-bac.png","https://order.thecoffeehouse.com/order","2026-10-08"
"1 Lít Matcha Latte Tây Bắc Sữa Yến Mạch","Matcha","M","105000","M:105000.0","Images/1-lit-matcha-latte-tay-bac-sua-yen-mach.png","https://order.thecoffeehouse.com/order","2026-10-08"
"Frappe Choco Chip","Frappe","S","65000","S:65000.0 / M:69000.0 / L:75000.0","Images/frappe-choco-chip.png","https://order.thecoffeehouse.com/order","2026-10-08"
"Frappe Matcha Tây Bắc","Frappe","M","65000","S:65000.0 / M:69000.0 / L:75000.0","Images/frappe-matcha-tay-bac.png","https://order.thecoffeehouse.com/order","2026-10-08"
"Mocha Frappe","Frappe","M","89000","M:89000.0","Images/mocha-frappe.png","https://order.thecoffeehouse.com/order","2026-10-08"
"Pistachio Frappe","Frappe","M","89000","M:89000.0","Images/pistachio-frappe.png","https://order.thecoffeehouse.com/order","2026-10-08"
"Cheesecake Frappe","Frappe","M","89000","M:89000.0","Images/cheesecake-frappe.png","https://order.thecoffeehouse.com/order","2026-10-08"
"Shan Sữa Khói Hoàng Kim","Trà Sữa","M","65000","M:65000.0 / L:75000.0","Images/shan-sua-khoi-hoang-kim.png","https://order.thecoffeehouse.com/order","2026-10-08"
"Shan Sữa Truyền Thống","Trà Sữa","M","55000","M:55000.0 / L:65000.0","Images/shan-sua-truyen-thong.png","https://order.thecoffeehouse.com/order","2026-10-08"
"Shan Sữa Truyền Thống Nóng","Trà Sữa","M","55000","M:55000.0","Images/shan-sua-truyen-thong-nong.png","https://order.thecoffeehouse.com/order","2026-10-08"
"Shan Sữa Khói Đậm Vị","Trà Sữa","M","59000","M:59000.0 / L:69000.0","Images/shan-sua-khoi-dam-vi.png","https://order.thecoffeehouse.com/order","2026-10-08"
"Shan Cheese Foam","Trà Sữa","M","65000","M:65000.0 / L:75000.0","Images/shan-cheese-foam.png","https://order.thecoffeehouse.com/order","2026-10-08"
"Trà Shan Latte Sương Sáo","Trà Sữa","M","65000","M:65000 / L:75000","Images/tra-shan-latte-suong-sao.png","https://order.thecoffeehouse.com/order","2026-10-08"
"Chocolate Đá","Trà Sữa","M","59000","M:59000","Images/chocolate-da.png","https://order.thecoffeehouse.com/order","2026-10-08"
"Chocolate Nóng","Trà Sữa","M","59000","M:59000","Images/chocolate-nong.png","https://order.thecoffeehouse.com/order","2026-10-08"
"Trà Đào Cam Sả - Đá","Trà Trái Cây","M","49000","S:49000.0 / M:59000.0 / L:69000.0","Images/tra-dao-cam-sa-da.png","https://order.thecoffeehouse.com/order","2026-10-08"
"Trà Đào Cam Sả - Nóng","Trà Trái Cây","M","59000","M:59000.0","Images/tra-dao-cam-sa-nong.png","https://order.thecoffeehouse.com/order","2026-10-08"
"Burnt Cheesecake","Bánh Ngọt","M","55000","","Images/burnt-cheesecake.png","https://order.thecoffeehouse.com/order","2026-10-08"
"Mousse Tiramisu","Bánh Ngọt","M","35000","","Images/mousse-tiramisu.png","https://order.thecoffeehouse.com/order","2026-10-08"
"Mousse Gấu Chocolate","Bánh Ngọt","M","39000","","Images/mousse-gau-chocolate.png","https://order.thecoffeehouse.com/order","2026-10-08"
"Mochi Kem Việt Quất","Bánh Ngọt","M","19000","","Images/mochi-kem-viet-quat.png","https://order.thecoffeehouse.com/order","2026-10-08"
"Mochi Kem Chocolate","Bánh Ngọt","M","19000","","Images/mochi-kem-chocolate.png","https://order.thecoffeehouse.com/order","2026-10-08"
"Mochi Kem Phúc Bồn Tử","Bánh Ngọt","M","19000","","Images/mochi-kem-phuc-bon-tu.png","https://order.thecoffeehouse.com/order","2026-10-08"
"Mochi Kem Trà Sữa Trân Châu","Bánh Ngọt","M","19000","","Images/mochi-kem-tra-sua-tran-chau.png","https://order.thecoffeehouse.com/order","2026-10-08"
"Butter Croissant Sữa Đặc","Bánh Ngọt","M","35000","","Images/butter-croissant-sua-dac.png","https://order.thecoffeehouse.com/order","2026-10-08"
"Mít Sấy","Bánh Ngọt","M","20000","","Images/mit-say.png","https://order.thecoffeehouse.com/order","2026-10-08"
"Bánh Mì Que Pate Cột Đèn","Bánh Mặn","M","19000","","Images/banh-mi-que-pate-cot-den.png","https://order.thecoffeehouse.com/order","2026-10-08"
"Bánh Mì Que Bò Nấm Xốt Bơ","Bánh Mặn","M","22000","","Images/banh-mi-que-bo-nam-xot-bo.png","https://order.thecoffeehouse.com/order","2026-10-08"
"Bánh Mì Que Chà Bông Phô Mai Bơ Cay","Bánh Mặn","M","22000","","Images/banh-mi-que-cha-bong-pho-mai-bo-cay.png","https://order.thecoffeehouse.com/order","2026-10-08"
"Chà Bông Phô Mai","Bánh Mặn","M","45000","","Images/cha-bong-pho-mai.png","https://order.thecoffeehouse.com/order","2026-10-08"
"Croissant trứng muối","Bánh Mặn","M","45000","","Images/croissant-trung-muoi.png","https://order.thecoffeehouse.com/order","2026-10-08"
"Soft Pizza Chà Bông Trứng Cút","Bánh Mặn","M","39000","","Images/soft-pizza-cha-bong-trung-cut.png","https://order.thecoffeehouse.com/order","2026-10-08"
"Butter Croissant","Bánh Mặn","M","29000","","Images/butter-croissant.png","https://order.thecoffeehouse.com/order","2026-10-08"
"Pizza New York 5 Cheese","Pizza & Pasta","M","49000","","Images/pizza-new-york-5-cheese.png","https://order.thecoffeehouse.com/order","2026-10-08"
"Pizza New York Bò Bằm Phô Mai","Pizza & Pasta","M","49000","","Images/pizza-new-york-bo-bam-pho-mai.png","https://order.thecoffeehouse.com/order","2026-10-08"
"Pizza New York Pepperoni","Pizza & Pasta","M","49000","","Images/pizza-new-york-pepperoni.png","https://order.thecoffeehouse.com/order","2026-10-08"
"Pizza Tomyum Hải Sản","Pizza & Pasta","M","59000","","Images/pizza-tomyum-hai-san.png","https://order.thecoffeehouse.com/order","2026-10-08"
"Pizza Hawaiian","Pizza & Pasta","M","49000","","Images/pizza-hawaiian.png","https://order.thecoffeehouse.com/order","2026-10-08"
"Wafu Pasta Bò Bằm Xốt Bolognese","Pizza & Pasta","M","59000","","Images/wafu-pasta-bo-bam-xot-bolognese.png","https://order.thecoffeehouse.com/order","2026-10-08"
"Wafu Pasta Cá Bào Trứng Onsen Xốt Mentaiko","Pizza & Pasta","M","69000","","Images/wafu-pasta-ca-bao-trung-onsen-xot-mentaiko.png","https://order.thecoffeehouse.com/order","2026-10-08"
"Wafu Pasta Heo Nướng Xốt Shoyu Butter","Pizza & Pasta","M","69000","","Images/wafu-pasta-heo-nuong-xot-shoyu-butter.png","https://order.thecoffeehouse.com/order","2026-10-08"
"Wafu Pasta Bò Karubi Xốt Miso Butter","Pizza & Pasta","M","79000","","Images/wafu-pasta-bo-karubi-xot-miso-butter.png","https://order.thecoffeehouse.com/order","2026-10-08"
"Sổ Đỏ","Merchandise","M","50000","","Images/so-do.png","https://order.thecoffeehouse.com/order","2026-10-08"
"Xốt Caramel","Topping",,"10000.0","","","https://order.thecoffeehouse.com/order","2026-10-08"
"Đào Miếng","Topping",,"10000.0","","Images/dao-mieng.png","https://order.thecoffeehouse.com/order","2026-10-08"
"Shot Espresso","Topping",,"10000.0","","","https://order.thecoffeehouse.com/order","2026-10-08"
"Hạt Nổ Củ Năng","Topping",,"10000.0","","","https://order.thecoffeehouse.com/order","2026-10-08"
"Trái Vải","Topping",,"10000.0","","","https://order.thecoffeehouse.com/order","2026-10-08"
"Sữa Đặc","Topping",,"5000.0","","","https://order.thecoffeehouse.com/order","2026-10-08"
"Trân châu củ năng","Topping",,"10000.0","","","https://order.thecoffeehouse.com/order","2026-10-08"
"Foam Phô Mai","Topping",,"10000.0","","","https://order.thecoffeehouse.com/order","2026-10-08"
"Hạt Nổ Yến Mạch","Topping",,"10000.0","","","https://order.thecoffeehouse.com/order","2026-10-08"
"Sữa Tươi","Topping",,"5000.0","","","https://order.thecoffeehouse.com/order","2026-10-08"
"Syrup Hạnh Nhân","Topping",,"10000","","","https://order.thecoffeehouse.com/order","2026-10-08"
"Đài Hoa Hibiscus","Topping",,"10000.0","","","https://order.thecoffeehouse.com/order","2026-10-08"
"Thạch Sương Sáo","Topping",,"10000.0","","","https://order.thecoffeehouse.com/order","2026-10-08"
"Shot Espresso SOE","Topping",,"20000","","","https://order.thecoffeehouse.com/order","2026-10-08"
"Trân châu trắng","Topping",,"10000.0","","Images/tran-chau-trang.png","https://order.thecoffeehouse.com/order","2026-10-08"
"Sữa Yến Mạch","Topping",,"5000.0","","","https://order.thecoffeehouse.com/order","2026-10-08"
"Syrup Caramel","Topping",,"10000","","","https://order.thecoffeehouse.com/order","2026-10-08"
"Hạt Sen","Topping",,"10000.0","","","https://order.thecoffeehouse.com/order","2026-10-08"
"Trân Châu Hoàng Kim","Topping",,"10000.0","","","https://order.thecoffeehouse.com/order","2026-10-08"
"Syrup Tiramisu","Topping",,"10000","","","https://order.thecoffeehouse.com/order","2026-10-08"
"Foam Dừa","Topping",,"10000.0","","","https://order.thecoffeehouse.com/order","2026-10-08"
"Kem Phô Mai Macchiato","Topping",,"10000.0","","","https://order.thecoffeehouse.com/order","2026-10-08"
