"Name","Sizes","DefaultSize","Sugar","DefaultSugar","Ice","DefaultIce","Source"
"Specialty Coffee Đá","M","M","Bình thường / Không ngọt / Ít ngọt / Thêm ngọt","Bình thường","Bình thường / Đá riêng / Ít đá","Bình thường","https://order.thecoffeehouse.com/order"
"Specialty Coffee Nóng","M","M","Bình thường / Không ngọt / Ít ngọt / Thêm ngọt","Bình thường","","","https://order.thecoffeehouse.com/order"
"Americano Classic","S / M / L","M","Bình thường / Không ngọt / Ít ngọt / Thêm ngọt","Bình thường","Bình thường / Đá riêng / Ít đá","Bình thường","https://order.thecoffeehouse.com/order"
"Americano Nóng","M","M","Bình thường / Không ngọt / Ít ngọt / Thêm ngọt","Bình thường","","","https://order.thecoffeehouse.com/order"
"Americano Yuzu","S / M / L","M","Bình thường / Ít ngọt / Thêm ngọt","Bình thường","Bình thường / Đá riêng / Ít đá","Bình thường","https://order.thecoffeehouse.com/order"
"Espresso Đá","M","M","Bình thường / Không ngọt / Ít ngọt / Thêm ngọt","Bình thường","Bình thường / Ít đá","Bình thường","https://order.thecoffeehouse.com/order"
"Espresso Nóng","M","M","Bình thường / Không ngọt / Ít ngọt / Thêm ngọt","Bình thường","","","https://order.thecoffeehouse.com/order"
"Cappuccino Đá","S / M / L","M","Bình thường / Không ngọt / Ít ngọt / Thêm ngọt","Bình thường","Bình thường / Đá riêng / Ít đá","Bình thường","https://order.thecoffeehouse.com/order"
"Cappuccino Nóng","M","M","Bình thường / Không ngọt / Ít ngọt / Thêm ngọt","Bình thường","","","https://order.thecoffeehouse.com/order"
"Caramel Macchiato Đá","S / M / L","M","Bình thường / Không ngọt / Ít ngọt / Thêm ngọt","Bình thường","Bình thường / Đá riêng / Ít đá","Bình thường","https://order.thecoffeehouse.com/order"
"Caramel Macchiato Nóng","M","M","Bình thường / Không ngọt / Ít ngọt / Thêm ngọt","Bình thường","","","https://order.thecoffeehouse.com/order"
"Latte Bạc Xỉu","S / M / L","M","Bình thường / Không ngọt / Ít ngọt / Thêm ngọt","Bình thường","Bình thường / Đá riêng / Ít đá","Bình thường","https://order.thecoffeehouse.com/order"
"Latte Classic","S / M / L","M","Bình thường / Không ngọt / Ít ngọt / Thêm ngọt","Bình thường","Bình thường / Đá riêng / Ít đá","Bình thường","https://order.thecoffeehouse.com/order"
"Latte Nóng","M","M","Bình thường / Không ngọt / Ít ngọt / Thêm ngọt","Bình thường","","","https://order.thecoffeehouse.com/order"
"Latte Hạnh Nhân Oatside","S / M / L","M","Bình thường / Ít ngọt / Thêm ngọt","Bình thường","Bình thường / Đá riêng / Ít đá","Bình thường","https://order.thecoffeehouse.com/order"
"Latte Tiramisu","S / M / L","M","Bình thường / Ít ngọt / Thêm ngọt","Bình thường","Bình thường / Đá riêng / Ít đá","Bình thường","https://order.thecoffeehouse.com/order"
"Latte Caramel Cold Foam","S / M / L","M","Bình thường / Ít ngọt / Thêm ngọt","Bình thường","Bình thường / Đá riêng / Ít đá","Bình thường","https://order.thecoffeehouse.com/order"
"Latte Hazelnut","S / M / L","S","","","","","https://order.thecoffeehouse.com/order"
"Cà Phê Sữa Đá","M / L","M","Bình thường / Ít ngọt / Thêm ngọt","Bình thường","Bình thường / Đá riêng / Ít đá","Bình thường","https://order.thecoffeehouse.com/order"
"Cà Phê Sữa Nóng","M","M","Bình thường / Ít ngọt / Thêm ngọt","Bình thường","","","https://order.thecoffeehouse.com/order"
"Bạc Xỉu","M / L","M","Bình thường / Không ngọt / Ít ngọt / Thêm ngọt","Bình thường","Bình thường / Đá riêng / Ít đá","Bình thường","https://order.thecoffeehouse.com/order"
"Bạc Xỉu Nóng","M","M","Bình thường / Không ngọt / Ít ngọt / Thêm ngọt","Bình thường","","","https://order.thecoffeehouse.com/order"
"Bạc Xỉu Caramel Muối","M / L","M","Bình thường","Bình thường","Bình thường / Đá riêng / Ít đá","Bình thường","https://order.thecoffeehouse.com/order"
"Bạc Xỉu Foam Dừa","M / L","M","Bình thường / Không ngọt / Ít ngọt / Thêm ngọt","Bình thường","Bình thường / Đá riêng / Ít đá","Bình thường","https://order.thecoffeehouse.com/order"
"Cà Phê Đen Đá","M / L","M","Bình thường / Không ngọt / Ít ngọt / Thêm ngọt","Bình thường","Bình thường / Đá riêng / Ít đá","Bình thường","https://order.thecoffeehouse.com/order"
"Cà Phê Đen Nóng","M","M","Bình thường / Không ngọt / Ít ngọt / Thêm ngọt","Bình thường","","","https://order.thecoffeehouse.com/order"
"Cold Brew Kim Quất","S / M","M","Bình thường / Không ngọt / Ít ngọt / Thêm ngọt","Bình thường","Bình thường / Đá riêng / Ít đá","Bình thường","https://order.thecoffeehouse.com/order"
"Cold Brew Truyền Thống","S / M","M","Bình thường / Không ngọt / Ít ngọt / Thêm ngọt","Bình thường","Bình thường / Đá riêng / Ít đá","Bình thường","https://order.thecoffeehouse.com/order"
"Matcha Latte Tây Bắc","S / M / L","M","Bình thường / Không ngọt / Ít ngọt / Thêm ngọt","Bình thường","Bình thường / Đá riêng / Ít đá","Bình thường","https://order.thecoffeehouse.com/order"
"Matcha Latte Tây Bắc (Nóng)","M","M","Bình thường / Không ngọt / Ít ngọt / Thêm ngọt","Bình thường","","","https://order.thecoffeehouse.com/order"
"Matcha Latte Kyoto","S / M / L","M","Bình thường / Không ngọt / Ít ngọt / Thêm ngọt","Bình thường","Bình thường / Đá riêng / Ít đá","Bình thường","https://order.thecoffeehouse.com/order"
"Matcha Latte Kyoto Nóng","M","M","Bình thường / Không ngọt / Ít ngọt / Thêm ngọt","Bình thường","","","https://order.thecoffeehouse.com/order"
"Coco Matcha Foam","S / M / L","M","Bình thường / Không ngọt / Ít ngọt / Thêm ngọt","Bình thường","Bình thường / Đá riêng / Ít đá","Bình thường","https://order.thecoffeehouse.com/order"
"Matcha Latte Tây Bắc Mochi","S / M / L","M","Bình thường / Không ngọt / Ít ngọt / Thêm ngọt","Bình thường","Bình thường / Đá riêng / Ít đá","Bình thường","https://order.thecoffeehouse.com/order"
"Matcha Latte Tây Bắc Trân Châu Hoàng Kim","S / M / L","M","Bình thường","Bình thường","Bình thường / Đá riêng / Ít đá","Bình thường","https://order.thecoffeehouse.com/order"
"Matcha Latte Tây Bắc Hạnh Nhân Nướng","S / M / L","M","Bình thường","Bình thường","Bình thường / Đá riêng / Ít đá","Bình thường","https://order.thecoffeehouse.com/order"
"1 Lít Matcha Latte Tây Bắc","M","M","Bình thường / Không ngọt / Ít ngọt / Thêm ngọt","Bình thường","Bình thường / Đá riêng / Ít đá","Bình thường","https://order.thecoffeehouse.com/order"
"1 Lít Matcha Latte Tây Bắc Sữa Yến Mạch","M","M","Bình thường / Không ngọt / Ít ngọt / Thêm ngọt","Bình thường","Bình thường / Đá riêng / Ít đá","Bình thường","https://order.thecoffeehouse.com/order"
"Frappe Choco Chip","S / M / L","S","Bình thường / Ít ngọt / Thêm ngọt","Bình thường","","","https://order.thecoffeehouse.com/order"
"Frappe Matcha Tây Bắc","S / M / L","M","Bình thường / Ít ngọt / Thêm ngọt","Bình thường","","","https://order.thecoffeehouse.com/order"
"Mocha Frappe","M","M","Bình thường / Ít ngọt / Thêm ngọt","Bình thường","","","https://order.thecoffeehouse.com/order"
"Pistachio Frappe","M","M","Bình thường / Ít ngọt / Thêm ngọt","Bình thường","","","https://order.thecoffeehouse.com/order"
"Cheesecake Frappe","M","M","Bình thường / Ít ngọt / Thêm ngọt","Bình thường","","","https://order.thecoffeehouse.com/order"
"Shan Sữa Khói Hoàng Kim","M / L","M","Bình thường / Ít ngọt / Thêm ngọt","Bình thường","Bình thường / Đá riêng / Ít đá","Bình thường","https://order.thecoffeehouse.com/order"
"Shan Sữa Truyền Thống","M / L","M","Bình thường / Ít ngọt / Thêm ngọt","Bình thường","Bình thường / Đá riêng / Ít đá","Bình thường","https://order.thecoffeehouse.com/order"
"Shan Sữa Truyền Thống Nóng","M","M","Bình thường / Ít ngọt / Thêm ngọt","Bình thường","Bình thường / Đá riêng / Ít đá","Bình thường","https://order.thecoffeehouse.com/order"
"Shan Sữa Khói Đậm Vị","M / L","M","Bình thường / Ít ngọt / Thêm ngọt","Bình thường","Bình thường / Đá riêng / Ít đá","Bình thường","https://order.thecoffeehouse.com/order"
"Shan Cheese Foam","M / L","M","Bình thường / Không ngọt / Ít ngọt / Thêm ngọt","Bình thường","Bình thường / Đá riêng / Ít đá","Bình thường","https://order.thecoffeehouse.com/order"
"Trà Shan Latte Sương Sáo","M / L","M","Bình thường / Không ngọt / Ít ngọt / Thêm ngọt","Bình thường","Bình thường / Đá riêng / Ít đá","Bình thường","https://order.thecoffeehouse.com/order"
"Chocolate Đá","M","M","Bình thường / Không ngọt / Ít ngọt / Thêm ngọt","Bình thường","Bình thường / Đá riêng / Ít đá","Bình thường","https://order.thecoffeehouse.com/order"
"Chocolate Nóng","M","M","Bình thường / Không ngọt / Ít ngọt / Thêm ngọt","Bình thường","","","https://order.thecoffeehouse.com/order"
"Trà Đào Cam Sả - Đá","S / M / L","M","Bình thường / Ít ngọt / Thêm ngọt","Bình thường","Bình thường / Đá riêng / Ít đá","Bình thường","https://order.thecoffeehouse.com/order"
"Trà Đào Cam Sả - Nóng","M","M","Bình thường / Ít ngọt / Thêm ngọt","Bình thường","","","https://order.thecoffeehouse.com/order"
"Burnt Cheesecake","","M","","","","","https://order.thecoffeehouse.com/order"
"Mousse Tiramisu","","M","","","","","https://order.thecoffeehouse.com/order"
"Mousse Gấu Chocolate","","M","","","","","https://order.thecoffeehouse.com/order"
"Mochi Kem Việt Quất","","M","","","","","https://order.thecoffeehouse.com/order"
"Mochi Kem Chocolate","","M","","","","","https://order.thecoffeehouse.com/order"
"Mochi Kem Phúc Bồn Tử","","M","","","","","https://order.thecoffeehouse.com/order"
"Mochi Kem Trà Sữa Trân Châu","","M","","","","","https://order.thecoffeehouse.com/order"
"Butter Croissant Sữa Đặc","","M","","","","","https://order.thecoffeehouse.com/order"
"Mít Sấy","","M","","","","","https://order.thecoffeehouse.com/order"
"Bánh Mì Que Pate Cột Đèn","","M","","","","","https://order.thecoffeehouse.com/order"
"Bánh Mì Que Bò Nấm Xốt Bơ","","M","","","","","https://order.thecoffeehouse.com/order"
"Bánh Mì Que Chà Bông Phô Mai Bơ Cay","","M","","","","","https://order.thecoffeehouse.com/order"
"Chà Bông Phô Mai","","M","","","","","https://order.thecoffeehouse.com/order"
"Croissant trứng muối","","M","","","","","https://order.thecoffeehouse.com/order"
"Soft Pizza Chà Bông Trứng Cút","","M","","","","","https://order.thecoffeehouse.com/order"
"Butter Croissant","","M","","","","","https://order.thecoffeehouse.com/order"
"Pizza New York 5 Cheese","","M","","","","","https://order.thecoffeehouse.com/order"
"Pizza New York Bò Bằm Phô Mai","","M","","","","","https://order.thecoffeehouse.com/order"
"Pizza New York Pepperoni","","M","","","","","https://order.thecoffeehouse.com/order"
"Pizza Tomyum Hải Sản","","M","","","","","https://order.thecoffeehouse.com/order"
"Pizza Hawaiian","","M","","","","","https://order.thecoffeehouse.com/order"
"Wafu Pasta Bò Bằm Xốt Bolognese","","M","","","","","https://order.thecoffeehouse.com/order"
"Wafu Pasta Cá Bào Trứng Onsen Xốt Mentaiko","","M","","","","","https://order.thecoffeehouse.com/order"
"Wafu Pasta Heo Nướng Xốt Shoyu Butter","","M","","","","","https://order.thecoffeehouse.com/order"
"Wafu Pasta Bò Karubi Xốt Miso Butter","","M","","","","","https://order.thecoffeehouse.com/order"
"Sổ Đỏ","","M","","","","","https://order.thecoffeehouse.com/order"
